0,0,
1,1,石化
2,2,眩晕
3,3,睡眠
4,4,昏厥
5,5,能力封印
6,6,战技封印
7,7,沉默
8,8,加速
9,9,减速
10,A,减速
11,B,混乱
12,C,浮空
13,D,止步
14,E,加重
15,F,失明
16,10,
17,11,麻痹
18,12,中毒
19,13,猛毒
20,14,技力流失
21,15,体力增加
22,16,体力衰减
23,17,魔力增加
24,18,魔力衰减
25,19,物理攻击力提升
26,1A,物理攻击力降低
27,1B,命中率提升
28,1C,命中率降低
29,1D,物理防御力提升
30,1E,物理防御力降低
31,1F,回避力提升
32,20,回避力降低
33,21,魔法攻击力提升
34,22,魔法攻击力降低
35,23,魔法治疗力提升
36,24,魔法治疗力降低
37,25,魔法防御力提升
38,26,魔法防御力降低
39,27,眩晕无效
40,28,沉默无效
41,29,制作设备
42,2A,超越之力
43,2B,衰弱
44,2C,濒死
45,2D,巧手之工
46,2E,大地之恩
47,2F,潜行
48,30,进食
49,31,强化药
50,32,冲刺
51,33,力量降低
52,34,耐力降低
53,35,物理伤害提高
54,36,物理伤害降低
55,37,物理受伤减轻
56,38,物理受伤加重
57,39,魔法伤害提高
58,3A,魔法伤害降低
59,3B,魔法受伤减轻
60,3C,魔法受伤加重
61,3D,伤害提高
62,3E,伤害降低
63,3F,受伤减轻
64,40,受伤加重
65,41,战技暴击化
66,42,恐怖
67,43,沉重
68,44,吸血攻击
69,45,取技攻击
70,46,眩晕攻击
71,47,铁壁
72,48,渐愈
73,49,警觉
74,4A,预警
75,4B,钢铁意志
76,4C,战逃反应
77,4D,壁垒
78,4E,忠义之剑
79,4F,忠义之盾
80,50,保护
81,51,被保护
82,52,神圣领域
83,53,预见
84,54,浴血
85,55,凶残裂
86,56,狂暴
87,57,战栗
88,58,死斗
89,59,复仇
90,5A,暴风碎
91,5B,守护
92,5C,解脱
93,5D,愤怒
94,5E,愤怒II
95,5F,愤怒III
96,60,愤怒IV
97,61,愤怒V
98,62,双龙脚
99,63,飘羽步
100,64,发劲
101,65,双掌打
102,66,真言
103,67,红莲体势
104,68,金刚体势
105,69,疾风体势
106,6A,秘孔拳
107,6B,魔猿形
108,6C,盗龙形
109,6D,猛豹形
110,6E,震脚
111,6F,疾风迅雷
112,70,疾风迅雷II
113,71,疾风迅雷III
114,72,敏锐
115,73,重刺
116,74,龙剑
117,75,舍身
118,76,樱花怒放
119,77,二重刺
120,78,龙枪
121,79,开膛枪
122,7A,直线射击效果提高
123,7B,鹰眼
124,7C,毒咬箭
125,7D,猛者强击
126,7E,物理受伤加重
127,7F,迂回
128,80,纷乱箭
129,81,风蚀箭
130,82,直线射击
131,83,死亡箭雨效果提高
132,84,连珠箭效果提高
133,85,敏捷之歌
134,86,敏捷之歌
135,87,贤者的叙事谣
136,88,贤者的叙事谣
137,89,军神的赞美歌
138,8A,军神的赞美歌
139,8B,魔人的安魂曲
140,8C,魔人的安魂曲
141,8D,战斗之声
142,8E,眩晕
143,8F,疾风
144,90,烈风
145,91,战姿
146,92,护盾
147,93,护盾
148,94,复活
149,95,眩晕
150,96,医济
151,97,石肤
152,98,石肤（物理攻击）
153,99,石肤（魔法攻击）
154,9A,女神的加护
155,9B,救疗效果提高
156,9C,愈疗效果提高
157,9D,神速咏唱
158,9E,再生
159,9F,神封印
160,A0,沉稳咏唱
161,A1,闪雷
162,A2,震雷
163,A3,暴雷
164,A4,雷云
165,A5,火苗
166,A6,士气高扬之策效果提高
167,A7,即刻咏唱
168,A8,魔罩
169,A9,坚壁
170,AA,万有复兴
171,AB,灾厄
172,AC,虚弱
173,AD,星极火
174,AE,星极火II
175,AF,星极火III
176,B0,灵极冰
177,B1,灵极冰II
178,B2,灵极冰III
179,B3,毒菌
180,B4,瘴气
181,B5,病弱
182,B6,病毒
183,B7,心病
184,B8,维持
185,B9,以眼还眼
186,BA,以眼还眼
187,BB,振奋
188,BC,瘴疠
189,BD,猛毒菌
190,BE,暗影核爆
191,BF,疾病
192,C0,鞭策
193,C1,减速
194,C2,铜墙铁盾
195,C3,强力守护
196,C4,终极堡垒
197,C5,火棘屏障
198,C6,冰棘屏障
199,C7,电棘屏障
200,C8,物理受伤加重
201,C9,眩晕
202,CA,受伤加重
203,CB,蓄力
204,CC,魔法剑・火
205,CD,魔法剑・冰
206,CE,魔法剑・风
207,CF,魔法剑・土
208,D0,魔法剑・雷
209,D1,魔法剑・水
210,D2,死亡宣告
211,D3,打磨好的菜刀
212,D4,识破
213,D5,驯服成功
214,D6,驯服失败
215,D7,伤害降低
216,D8,麻痹
217,D9,三角测量
218,DA,采集获得率提升
219,DB,采集获得数提升
220,DC,采集优质获得率提升
221,DD,丛林之相
222,DE,山岳之相
223,DF,比尔格的加护
224,E0,诺菲卡的加护
225,E1,矿脉勘探
226,E2,加速
227,E3,魅惑
228,E4,梅茵菲娜的加护
229,E5,纳尔札尔的加护
230,E6,利姆莱茵的加护
231,E7,沙利亚克的加护
232,E8,筹备
233,E9,树木之声
234,EA,大地勘察
235,EB,裂伤
236,EC,陆行鸟猛啄
237,ED,陆行鸟再生
238,EE,陆行鸟波涛
239,EF,超越之力
240,F0,加重
241,F1,光之加护
242,F2,树木之声II
243,F3,大地勘察II
244,F4,碎骨打
245,F5,神应
246,F6,破碎拳
247,F7,死亡箭雨
248,F8,厄运流转
249,F9,烈火箭
250,FA,火伤
251,FB,内静
252,FC,俭约
253,FD,稳手
254,FE,阔步
255,FF,新颖
256,100,新颖II
257,101,俭约II
258,102,掌握
259,103,改革
260,104,回收
261,105,安逸
262,106,稳手II
263,107,伤害提高
264,108,切伤
265,109,刺伤
266,10A,打伤
267,10B,火伤
268,10C,冻伤
269,10D,裂伤
270,10E,污泥
271,10F,感电
272,110,水毒
273,111,出血
274,112,治愈
275,113,中毒
276,114,勇战之誉
277,115,坚韧之誉
278,116,无情的进行曲
279,117,体力持续恢复
280,118,止步
281,119,物理伤害降低
282,11A,魔力转换
283,11B,水毒
284,11C,火伤
285,11D,冻伤
286,11E,裂伤
287,11F,污泥
288,120,感电
289,121,水毒
290,122,伤害提高
291,123,百烈拳
292,124,拘束
293,125,技能速度提高
294,126,咏唱速度提高
295,127,黄金沼
296,128,恐慌
297,129,鼓舞
298,12A,野战治疗阵
299,12B,野战治疗阵
300,12C,伤害提高
301,12D,暴击
302,12E,黄金毒
303,12F,黏菌
304,130,以太超流
305,131,龙咒
306,132,龙之力
307,133,勇战之誉
308,134,坚韧之誉
309,135,无情的进行曲
310,136,硬化
311,137,大地之护
312,138,大地之怒
313,139,辉煌盾
314,13A,地狱之火炎
315,13B,日光的低语
316,13C,异想的盟光
317,13D,异想的幻光
318,13E,异想的炽光
319,13F,异想的辉光
320,140,出血
321,141,神枪昆古尼尔
322,142,水晶纱帐
323,143,免疫低下
324,144,元灵之怒
325,145,无敌
326,146,带电
327,147,带冰
328,148,土神的心石
329,149,自我强化程序
330,14A,加速
331,14B,魔法受伤减轻
332,14C,伤害提高
333,14D,亚拉戈古病毒
334,14E,古病毒抗体
335,14F,火焰流
336,150,耐打击程序
337,151,耐突击程序
338,152,耐斩击程序
339,153,出血
340,154,对物理障壁
341,155,对魔法障壁
342,156,对射
343,157,出血
344,158,拘束装置
345,159,魔力供给
346,15A,带火
347,15B,毒疮
348,15C,魔力飞散
349,15D,钢鳞
350,15E,受伤减轻
351,15F,怨恨
352,160,神枪昆古尼尔的魔力
353,161,部队特效：鼓励新人
354,162,部队特效：获得力提高
355,163,部队特效：鉴别力提高
356,164,部队特效：作业精度提高
357,165,部队特效：加工精度提高
358,166,雪人
359,167,妖炎
360,168,部队特效：食物效果时间延长
361,169,部队特效：精炼度增加量提高
362,16A,部队特效：装备损耗降低
363,16B,部队特效：衰弱时间缩短
364,16C,部队特效：传送优惠
365,16D,部队特效：讨伐经验值提高
366,16E,部队特效：搭档经验值提高
367,16F,部队特效：采集经验值提高
368,170,部队特效：制作经验值提高
369,171,吸附式炸弹
370,172,塞壬的歌声
371,173,僵尸
372,174,亲鸟之怒
373,175,治疗无效
374,176,偏属性水晶
375,177,灼伤
376,178,灼热
377,179,火狱之锁
378,17A,死亡引领
379,17B,低气压
380,17C,高气压
381,17D,忠义之剑
382,17E,
383,17F,
384,180,战抖
385,181,全力挥打
386,182,筋斗踢
387,183,隔离罩
388,184,脉冲刺
389,185,枪杆击
390,186,女神的慈悲
391,187,幻影弹
392,188,神秘面纱
393,189,凋零
394,18A,精神统一之策
395,18B,以太爆发
396,18C,集中
397,18D,坚守
398,18E,星极体
399,18F,生还
400,190,蓄电
401,191,抓捕
402,192,怒发冲冠
403,193,伤害提高
404,194,搬运
405,195,迷惑
406,196,受伤减轻
407,197,粉尘中毒
408,198,暴风斩
409,199,死斗
410,19A,病毒抗体
411,19B,原初之魂
412,19C,滞空
413,19D,部队特效：狼印战绩
414,19E,部队特效：军票提高
415,19F,技力持续恢复
416,1A0,透明
417,1A1,护盾
418,1A2,物理受伤减轻
419,1A3,神秘面纱
420,1A4,猎物
421,1A5,捕食
422,1A6,治疗魔法效果降低
423,1A7,噩梦
424,1A8,虚无的诅咒
425,1A9,虚无的妖气
426,1AA,夜障
427,1AB,减速＋
428,1AC,加速＋
429,1AD,妖鳞粉
430,1AE,悲叹
431,1AF,水属性耐性降低
432,1B0,水镜飞散
433,1B1,水镜
434,1B2,完全束缚
435,1B3,恶魔之瞳
436,1B4,荆棘
437,1B5,石化的诅咒
438,1B6,缩小
439,1B7,蛙变
440,1B8,缩小
441,1B9,蛙变
442,1BA,减速
443,1BB,伤害提高
444,1BC,受伤加重
445,1BD,荆棘丛生
446,1BE,蜂蜜
447,1BF,强酸
448,1C0,蜂群
449,1C1,蜂刺症
450,1C2,石化无效
451,1C3,诅咒之声
452,1C4,诅咒之嚎
453,1C5,亚拉戈蛇毒
454,1C6,亚拉戈领域
455,1C7,生命衰弱
456,1C8,最大体力减少
457,1C9,止步＋
458,1CA,凶鸟毒气
459,1CB,基本思路
460,1CC,攻击思路
461,1CD,妨碍思路
462,1CE,拘束加速
463,1CF,拘束
464,1D0,火角
465,1D1,冰爪
466,1D2,雷翼
467,1D3,水镜
468,1D4,虚无夹缝
469,1D5,绝对权威
470,1D6,莫古联合
471,1D7,莫古黑暗过敏症
472,1D8,莫古光芒过敏症
473,1D9,莫古乱乱乱
474,1DA,王室鼓舞
475,1DB,非目标
476,1DC,朦胧
477,1DD,水神的披风
478,1DE,水神的面纱
479,1DF,体力持续恢复
480,1E0,加速＋
481,1E1,冲刺
482,1E2,麻痹
483,1E3,体力增加
484,1E4,毒墨
485,1E5,水毒
486,1E6,水牢
487,1E7,冻结
488,1E8,残影
489,1E9,蜂毒
490,1EA,蛇毒
491,1EB,炫舞刃
492,1EC,无双旋
493,1ED,物理受伤加重
494,1EE,魔法受伤加重
495,1EF,怒斥
496,1F0,结印
497,1F1,生杀予夺
498,1F2,虚弱
499,1F3,
500,1F4,风遁之术
501,1F5,土遁之术
502,1F6,重土
503,1F7,火伤
504,1F8,拘束
505,1F9,伤害提高
506,1FA,晕眩
507,1FB,水遁之术
508,1FC,影牙
509,1FD,魔炸弹
510,1FE,拘束
511,1FF,火蛙
512,200,导电
513,201,蓄电
514,202,因果
515,203,滚雷
516,204,混沌
517,205,避雷
518,206,反射
519,207,反击
520,208,火属性耐性提升
521,209,水属性耐性提升
522,20A,风属性耐性提升
523,20B,雷属性耐性提升
524,20C,土属性耐性提升
525,20D,冰属性耐性提升
526,20E,冰霜之剑
527,20F,冰霜之杖
528,210,冰霜之弓
529,211,无敌
530,212,火伤
531,213,水毒
532,214,裂伤
533,215,感电
534,216,污泥
535,217,冻伤
536,218,搭档强化：经验值提高I
537,219,搭档强化：经验值提高II
538,21A,搭档强化：攻击力提高I
539,21B,搭档强化：攻击力提高II
540,21C,搭档强化：魔法治疗力提高I
541,21D,搭档强化：魔法治疗力提高II
542,21E,搭档强化：最大体力提高I
543,21F,搭档强化：最大体力提高II
544,220,搭档强化：仇恨提高I
545,221,搭档强化：仇恨提高II
546,222,攻防削弱
547,223,制作设施：元件工作
548,224,制作设施：精密工作
549,225,制作设施：复杂工作
550,226,制作设施：元件工作II
551,227,制作设施：专项工作
552,228,制作设施：专项工作II
553,229,制作设施：复杂工作II
554,22A,制作设施：精密工作II
555,22B,对射
556,22C,对射
557,22D,对射
558,22E,对射
559,22F,中毒
560,230,中毒
561,231,减速
562,232,猎物
563,233,受伤加重
564,234,止步
565,235,变身
566,236,伤害提高
567,237,下陷
568,238,捕鱼人之识
569,239,粘液
570,23A,瞄准
571,23B,失明
572,23C,斩击耐性降低
573,23D,打击耐性降低
574,23E,飘忽爆破
575,23F,带电
576,240,雷属性耐性降低
577,241,气压领域
578,242,主首耐性降低
579,243,暴击
580,244,魔科学粒子α
581,245,魔科学粒子β
582,246,魔法受伤减轻
583,247,物理受伤减轻
584,248,防御力场
585,249,防御力场抵消
586,24A,最大体力增加
587,24B,叉形闪电
588,24C,天启耐性降低
589,24D,引爆
590,24E,延烧
591,24F,青蓝之炎
592,250,火焰漩涡
593,251,浴火重生
594,252,吸魂
595,253,灵泉祸
596,254,龙压
597,255,拘束装置
598,256,()物理シ`ルド(ストンスキン)
599,257,()魔法シ`ルド(ストンスキン)
600,258,魔法受伤减轻
601,259,物理受伤减轻
602,25A,太阳神的诅咒
603,25B,太阳神的信徒
604,25C,冰面
605,25D,冻伤
606,25E,凝冻
607,25F,雪球
608,260,死亡引领
609,261,抓捕
610,262,石化
611,263,心情愉悦
612,264,湿润
613,265,河童
614,266,隐遁
615,267,隐遁
616,268,无形
617,269,含光
618,26A,扩大技能效果范围
619,26B,火伤
620,26C,战技封印
621,26D,火属性耐性降低
622,26E,腐气
623,26F,病弱
624,270,切伤
625,271,击倒
626,272,无法发动技能
627,273,拘束装置
628,274,医济
629,275,虚弱
630,276,加重
631,277,体力消耗无效
632,278,失控
633,279,动摇
634,27A,能力封印
635,27B,道具封印
636,27C,悲叹的烙印
637,27D,愤怒的烙印
638,27E,受伤加重
639,27F,热病
640,280,毒耐性提升
641,281,弱化效果反射
642,282,出血
643,283,出血
644,284,小鸡
645,285,消化中
646,286,孤独感
647,287,基础降低
648,288,体力持续恢复
649,289,物理攻击力提升
650,28A,魔法攻击力提升
651,28B,加速
652,28C,体力魔力增加
653,28D,斗志昂扬
654,28E,战意高涨
655,28F,圣盾之恩
656,290,无敌
657,291,物理受伤加重
658,292,魔法受伤加重
659,293,毒雾
660,294,延时
661,295,双重
662,296,三重
663,297,不许动！
664,298,猎物
665,299,非目标
666,29A,感电
667,29B,拘束
668,29C,拘束
669,29D,移动速度提高
670,29E,火属性耐性降低
671,29F,无敌
672,2A0,伤害提高
673,2A1,压缩粒子
674,2A2,粘着
675,2A3,
676,2A4,潜伏
677,2A5,剧毒
678,2A6,顺风
679,2A7,风壁
680,2A8,招架
681,2A9,攻击形态
682,2AA,防御形态
683,2AB,土之加护
684,2AC,火之加护
685,2AD,风属性耐性降低
686,2AE,中毒
687,2AF,伤害提高
688,2B0,超荷
689,2B1,魔力电容
690,2B2,肌肉活化
691,2B3,物理受伤加重（指定）
692,2B4,伤害降低（指定）
693,2B5,治疗魔法效果降低（指定）
694,2B6,禁止更改指定对象
695,2B7,物理受伤加重
696,2B8,伤害降低
697,2B9,治疗魔法效果降低
698,2BA,磁力（+）
699,2BB,磁力（-）
700,2BC,窒息
701,2BD,战斗能力降低
702,2BE,肿胀
703,2BF,龙眼封印
704,2C0,龙眼加护
705,2C1,变身
706,2C2,光性爆雷
707,2C3,最终判决α
708,2C4,最终判决β
709,2C5,迟缓
710,2C6,突击命令
711,2C7,精神失常
712,2C8,钢铁意志
713,2C9,损害扩大
714,2CA,受伤加重
715,2CB,不稳
716,2CC,湍流
717,2CD,支配于风
718,2CE,支配于水
719,2CF,鲸背
720,2D0,斩击耐性提升
721,2D1,突刺耐性提升
722,2D2,打击耐性提升
723,2D3,魔炸弹
724,2D4,力量降低
725,2D5,沥血剑
726,2D6,圣光幕帘
727,2D7,圣光幕帘
728,2D8,盾阵
729,2D9,破坏
730,2DA,放纵
731,2DB,放纵II
732,2DC,放纵III
733,2DD,放纵IV
734,2DE,放纵V
735,2DF,原初的直觉
736,2E0,苍天龙血
737,2E1,黑魔纹
738,2E2,魔纹环
739,2E3,庇护所
740,2E4,暗影护体
741,2E5,灾变
742,2E6,嗜血
743,2E7,深恶痛绝
744,2E8,暗中起舞
745,2E9,血债
746,2EA,弃明投暗
747,2EB,暗影墙
748,2EC,错乱剑
749,2ED,腐秽大地
750,2EE,岿然独存
751,2EF,暗黑
752,2F0,暗技
753,2F1,雪仇剑
754,2F2,采集获得率提升(限定)
755,2F3,采集优质获得率提升(限定)
756,2F4,采集获得数提升(限定)
757,2F5,审美眼
758,2F6,极度警戒
759,2F7,深呼吸
760,2F8,聚精会神
761,2F9,钓组
762,2FA,鱼眼
763,2FB,撒饵
764,2FC,提钩成功率降低
765,2FD,捉放
766,2FE,人形态
767,2FF,手形态
768,300,龙卷形态
769,301,烈焰链
770,302,拘束
771,303,新人加成
772,304,新人超越之力
773,305,奋起
774,306,击倒
775,307,无敌
776,308,无敌
777,309,虚无界的加护
778,30A,土之协议
779,30B,幽体脱离
780,30C,超越者
781,30D,醉以太
782,30E,妖刀解放
783,30F,击倒
784,310,妖异之血
785,311,尼姆瘟疫
786,312,战斗连祷
787,313,重影
788,314,影渡
789,315,烟雾弹
790,316,双击
791,317,转化
792,318,应急战术
793,319,斗气
794,31A,斗气II
795,31B,斗气III
796,31C,斗气IV
797,31D,斗气V
798,31E,暴风
799,31F,异想的流光
800,320,拘束
801,321,中毒
802,322,龙牙龙爪效果提高
803,323,龙尾大回旋效果提高
804,324,受伤减轻
805,325,收藏品采集
806,326,受伤加重
807,327,龙神同调
808,328,龙神附体
809,329,粘液
810,32A,行尸走肉
811,32B,死而不僵
812,32C,魔法受伤减轻
813,32D,暗中起舞
814,32E,释放效果提高
815,32F,福星效果提高
816,330,神圣路效果提高（效果量增加）
817,331,神圣路效果提高（效果范围化）
818,332,神圣路效果提高（效果时间增加）
819,333,斩击耐性降低
820,334,突刺耐性降低
821,335,打击耐性降低
822,336,拘束
823,337,魅惑
824,338,
825,339,
826,33A,抽卡
827,33B,神圣路
828,33C,暂留
829,33D,太阳神之衡
830,33E,世界树之干
831,33F,放浪神之箭
832,340,战争神之枪
833,341,河流神之瓶
834,342,建筑神之塔
835,343,吉星相位
836,344,阳星相位
837,345,黑夜领域
838,346,烧灼
839,347,白昼学派
840,348,黑夜学派
841,349,光速
842,34A,光流以太
843,34B,炽灼
844,34C,封技
845,34D,星位合图
846,34E,星位合图
847,34F,命运之轮
848,350,命运之轮
849,351,命运之轮
850,352,采集优质获得率提升
851,353,整备
852,354,升变
853,355,速射
854,356,铅弹
855,357,热弹
856,358,独头弹效果提高
857,359,狙击弹效果提高
858,35A,高斯枪管
859,35B,昏头胀脑
860,35C,武装解除
861,35D,野火
862,35E,特殊弹
863,35F,原初大地
864,360,暗黑之力
865,361,放浪神的小步舞曲
866,362,光阴神的礼赞凯歌
867,363,激情咏唱
868,364,天语
869,365,厌世
870,366,反推
871,367,风之美名
872,368,火之美名
873,369,冰之美名
874,36A,土之美名
875,36B,雷之美名
876,36C,水之美名
877,36D,不可言名
878,36E,坚实的心得
879,36F,工匠之魂
880,370,工作小调
881,371,纳尔札尔护符（库尔札斯西部高地）
882,372,纳尔札尔护符（龙堡参天高地）
883,373,纳尔札尔护符（龙堡内陆低地）
884,374,纳尔札尔护符（翻云雾海）
885,375,纳尔札尔护符（阿巴拉提亚云海）
886,376,纳尔札尔护符（魔大陆阿济兹拉）
887,377,诺菲卡护符（库尔札斯西部高地）
888,378,诺菲卡护符（龙堡参天高地）
889,379,诺菲卡护符（龙堡内陆低地）
890,37A,诺菲卡护符（翻云雾海）
891,37B,诺菲卡护符（阿巴拉提亚云海）
892,37C,诺菲卡护符（魔大陆阿济兹拉）
893,37D,受伤加重
894,37E,风属性耐性低下
895,37F,无敌
896,380,最后一搏
897,381,○削除予定
898,382,雷属性耐性低下
899,383,物理受伤减轻
900,384,时间停止
901,385,拘束
902,386,部队特效：金碟币提高
903,387,收藏品制作
904,388,猎物
905,389,凝冻
906,38A,暗黑之力
907,38B,奥秘的祝福
908,38C,龙神同调
909,38D,魔力持续恢复
910,38E,死亡宣告
911,38F,冰面
912,390,受伤减轻
913,391,太阳神之衡（抽卡）
914,392,世界树之干（抽卡）
915,393,放浪神之箭（抽卡）
916,394,战争神之枪（抽卡）
917,395,河流神之瓶（抽卡）
918,396,建筑神之塔（抽卡）
919,397,识破
920,398,太阳神之衡（暂留）
921,399,世界树之干（暂留）
922,39A,放浪神之箭（暂留）
923,39B,战争神之枪（暂留）
924,39C,河流神之瓶（暂留）
925,39D,建筑神之塔（暂留）
926,39E,睡眠
927,39F,花蜜
928,3A0,黑色威胁
929,3A1,受伤减轻
930,3A2,拘束
931,3A3,打击耐性降低
932,3A4,隔离
933,3A5,魔法治疗力降低
934,3A6,物理受伤加重
935,3A7,
936,3A8,
937,3A9,寄生
938,3AA,窒息
939,3AB,无法发动技能
940,3AC,出血
941,3AD,远程物理攻击无效化
942,3AE,魔法攻击无效化
943,3AF,圣剑的加护
944,3B0,苍天之剑
945,3B1,苍天之盾
946,3B2,蜘蛛形态
947,3B3,鸟形态
948,3B4,雷属性反击
949,3B5,火属性反击
950,3B6,冰属性反击
951,3B7,风属性反击
952,3B8,土属性反击
953,3B9,水属性反击
954,3BA,无属性反击
955,3BB,治疗魔法效果提高
956,3BC,命运之轮
957,3BD,酵母
958,3BE,猎物
959,3BF,人形态
960,3C0,热病
961,3C1,抓捕
962,3C2,攻击力提高
963,3C3,攻击力降低
964,3C4,防御力提高
965,3C5,防御力降低
966,3C6,速度提高
967,3C7,速度降低
968,3C8,核石特效
969,3C9,无敌
970,3CA,抵抗动物
971,3CB,抵抗魔物
972,3CC,抵抗玩偶
973,3CD,抵抗机件
974,3CE,害怕动物
975,3CF,害怕魔物
976,3D0,害怕玩偶
977,3D1,强制归还
978,3D2,攻防提高
979,3D3,持续伤害
980,3D4,范围攻击
981,3D5,无敌
982,3D6,抵抗动物
983,3D7,抵抗魔物
984,3D8,抵抗玩偶
985,3D9,抵抗机件
986,3DA,止步
987,3DB,特殊技陷阱化
988,3DC,麻痹
989,3DD,体力持续恢复
990,3DE,拘束
991,3DF,魅惑
992,3E0,攻击道具包
993,3E1,防御道具包
994,3E2,危急时刻
995,3E3,冲击
996,3E4,脑震荡
997,3E5,脑震荡
998,3E6,哥布林药剂：肌肉
999,3E7,哥布林药剂：速度
1000,3E8,哥布林药剂：透明
1001,3E9,哥布林药剂中毒
1002,3EA,哥布林药剂副作用
1003,3EB,肌肉科学家
1004,3EC,出血毒
1005,3ED,物抗立场
1006,3EE,魔抗立场
1007,3EF,无形
1008,3F0,哥布林药剂：治愈
1009,3F1,缓慢青蛙化
1010,3F2,拘束
1011,3F3,剧毒
1012,3F4,激昂
1013,3F5,逆转
1014,3F6,体力持续恢复
1015,3F7,生生不息
1016,3F8,伤害降低
1017,3F9,物理伤害提高
1018,3FA,物理伤害提高
1019,3FB,魔法伤害提高
1020,3FC,算术：己方数
1021,3FD,算术：高度1
1022,3FE,算术：高度2
1023,3FF,水属性压缩
1024,400,雷属性压缩
1025,401,水属性耐性大幅降低
1026,402,雷属性耐性大幅降低
1027,403,最终体罚
1028,404,直接攻击
1029,405,最终判决α
1030,406,最终判决β
1031,407,终审：体力最大
1032,408,终审：体力最小
1033,409,终审：弱化状态1
1034,40A,终审：弱化状态2
1035,40B,终审：弱化状态3
1036,40C,终审：判决α
1037,40D,终审：判决β
1038,40E,最终风葬
1039,40F,光之决心
1040,410,光之决心
1041,411,光之决心
1042,412,直接攻击
1043,413,直接攻击
1044,414,磁悬浮
1045,415,渐渐僵尸化
1046,416,剧毒
1047,417,混乱
1048,418,直接攻击
1049,419,热病
1050,41A,经验值加成
1051,41B,猎物
1052,41C,风属性耐性大幅降低
1053,41D,土属性耐性大幅降低
1054,41E,受伤加重
1055,41F,拘束
1056,420,模仿
1057,421,鸟羽结界
1058,422,超级冲刺
1059,423,攻防削弱
1060,424,沉默
1061,425,传送优惠
1062,426,战章过重
1063,427,魔法治疗力降低
1064,428,弱不禁风
1065,429,祭品烙印
1066,42A,邪龙的怨念
1067,42B,污毒
1068,42C,渐渐融合
1069,42D,融合
1070,42E,立方体形态
1071,42F,三角锥形态
1072,430,加速度炸弹
1073,431,消化粘液
1074,432,出血
1075,433,龙人形态
1076,434,邪龙形态
1077,435,闪电链
1078,436,军票提高
1079,437,金碟币提高
1080,438,讨伐经验值提高
1081,439,采集经验值提高
1082,43A,制作经验值提高
1083,43B,精炼度增加量提高
1084,43C,食物效果时间延长
1085,43D,装备损耗降低
1086,43E,志愿兵出现率提高
1087,43F,诅咒
1088,440,失明
1089,441,最大体力减少
1090,442,伤害降低
1091,443,加速
1092,444,能力封印
1093,445,最大体力魔力提升
1094,446,禁止使用道具
1095,447,禁止冲刺
1096,448,击退无效
1097,449,禁止体力自然恢复
1098,44A,以太波动
1099,44B,治疗魔法效果提高
1100,44C,受伤减轻
1101,44D,蛙变
1102,44E,小鸡
1103,44F,河童
1104,450,隐身
1105,451,南瓜
1106,452,隐身
1107,453,加重
1108,454,隐遁
1109,455,特殊耐性
1110,456,邪龙之爪
1111,457,邪龙之牙
1112,458,移动速度提高
1113,459,无法发动技能
1114,45A,病弱
1115,45B,死灵宣告
1116,45C,加速
1117,45D,刺伤
1118,45E,搭乘中
1119,45F,时间停止
1120,460,判决确定：名誉罪
1121,461,判决确定：加重罪
1122,462,判决确定：集团罪
1123,463,判决确定：强制接近命令
1124,464,判决确定：禁止接近命令
1125,465,特定方向无敌
1126,466,胴体再生
1127,467,右臂再生
1128,468,左臂再生
1129,469,胴体完成
1130,46A,右臂完成
1131,46B,左臂完成
1132,46C,慎行警告
1133,46D,热病
1134,46E,河童
1135,46F,太阳刻印
1136,470,月亮刻印
1137,471,火属性耐性大幅降低
1138,472,魔法受伤加重
1139,473,伤害提高
1140,474,复活
1141,475,加重
1142,476,以太波动
1143,477,炎之刻印
1144,478,冰之刻印
1145,479,双刃剑
1146,47A,斗志
1147,47B,影之脚镣
1148,47C,影之手
1149,47D,狼心包
1150,47E,冻结
1151,47F,●大型~用の先装着
1152,480,●中型~用の先装着
1153,481,●小型~用の先装着
1154,482,妖兽王的加护
1155,483,以太强化
1156,484,魔法伤害提高
1157,485,水属性耐性大幅降低
1158,486,战气
1159,487,无尽痛苦刻印
1160,488,弱化试剂
1161,489,ダメ`ジ上N
1162,48A,无尽痛苦刻印
1163,48B,魔匠的闪念
1164,48C,掌握II
1165,48D,起始准备
1166,48E,鱼群测定
1167,48F,鲨鱼之眼
1168,490,鲨鱼之眼II
1169,491,熟练技巧
1170,492,渔捞
1171,493,嘉惠
1172,494,打捞
1173,495,海洋之相
1174,496,干预
1175,497,武装戍卫
1176,498,武装
1177,499,原初的解放
1178,49A,至黑之夜
1179,49B,金刚极意
1180,49C,金刚决意
1181,49D,红莲极意
1182,49E,义结金兰
1183,49F,巨龙右眼
1184,4A0,巨龙左眼
1185,4A1,
1186,4A2,天地人
1187,4A3,行吟诗人的叙事谣
1188,4A4,暴击提高
1189,4A5,行吟诗人的赞美歌
1190,4A6,行吟诗人的小步舞曲
1191,4A7,铁壁
1192,4A8,渐愈
1193,4A9,雪仇
1194,4AA,预判
1195,4AB,牵制
1196,4AC,护栏
1197,4AD,策动
1198,4AE,醒神
1199,4AF,速行
1200,4B0,烈毒咬箭
1201,4B1,狂风蚀箭
1202,4B2,大地神的抒情恋歌
1203,4B3,昏乱
1204,4B4,醒梦
1205,4B5,火焰喷射器
1206,4B6,
1207,4B7,慈爱
1208,4B8,受伤加重
1209,4B9,亲疏自行
1210,4BA,霹雷
1211,4BB,三连咏唱
1212,4BC,毁坏强化
1213,4BD,灵护
1214,4BE,剧毒菌
1215,4BF,瘴
1216,4C0,
1217,4C1,无中生有
1218,4C2,神祝祷
1219,4C3,告解
1220,4C4,深谋远虑之策
1221,4C5,连环计
1222,4C6,异想的融光
1223,4C7,异想的融光
1224,4C8,地星主宰
1225,4C9,
1226,4CA,
1227,4CB,雪风
1228,4CC,彼岸花
1229,4CD,必杀剑・回天
1230,4CE,
1231,4CF,默想
1232,4D0,心眼
1233,4D1,明镜止水
1234,4D2,赤火炎预备
1235,4D3,赤飞石预备
1236,4D4,燕飞效果提高
1237,4D5,散碎效果提高
1238,4D6,促进
1239,4D7,鼓励
1240,4D8,必杀剑・地天
1241,4D9,单打独斗
1242,4DA,单打独斗
1243,4DB,幻象冲预备
1244,4DC,疾风极意
1245,4DD,
1246,4DE,
1247,4DF,
1248,4E0,巨星主宰
1249,4E1,连续咏唱
1250,4E2,真北
1251,4E3,炮塔重启
1252,4E4,开眼
1253,4E5,猎物
1254,4E6,冻结
1255,4E7,火属性耐性大幅降低
1256,4E8,负伤
1257,4E9,强制移动
1258,4EA,拘束
1259,4EB,衰老
1260,4EC,雷属性耐性大幅降低
1261,4ED,
1262,4EE,采集优质获得率提升II(限定)
1263,4EF,体力持续恢复
1264,4F0,光之决心
1265,4F1,光之决心
1266,4F2,强效透明
1267,4F3,紧抱
1268,4F4,剧情中
1269,4F5,慎行警告
1270,4F6,祸泡
1271,4F7,拼刀
1272,4F8,斩击耐性大幅降低
1273,4F9,下沉
1274,4FA,试炼的惩罚
1275,4FB,非火反射
1276,4FC,非冰反射
1277,4FD,非雷反射
1278,4FE,火属性
1279,4FF,冰属性
1280,500,雷属性
1281,501,罗T强化
1282,502,计都强化
1283,503,混乱
1284,504,无法发动技能
1285,505,采集优质获得率提升II
1286,506,采集获得数提升II(限定)
1287,507,抓捕
1288,508,危命经验值提高
1289,509,危命经验值提高
1290,50A,元气
1291,50B,衰败
1292,50C,波奇
1293,50D,移动命令：前
1294,50E,移动命令：后
1295,50F,移动命令：左
1296,510,移动命令：右
1297,511,鼓励
1298,512,阵风
1299,513,士风
1300,514,保护
1301,515,被保护
1302,516,神圣领域
1303,517,原初的解放
1304,518,死斗
1305,519,死斗
1306,51A,岿然独存
1307,51B,
1308,51C,至黑之夜
1309,51D,破碎拳
1310,51E,金刚极意
1311,51F,金刚决意
1312,520,樱花怒放
1313,521,影牙
1314,522,断绝
1315,523,隐身之术
1316,524,隐遁
1317,525,三印自在
1318,526,雪风
1319,527,彼岸花
1320,528,明镜止水
1321,529,烈毒咬箭
1322,52A,狂风蚀箭
1323,52B,野火
1324,52C,闪雷
1325,52D,即刻咏唱
1326,52E,剧毒菌
1327,52F,瘴
1328,530,感电
1329,531,
1330,532,再生
1331,533,鼓舞
1332,534,反复无常
1333,535,以眼还眼
1334,536,以眼还眼
1335,537,简略咏唱
1336,538,星位合图
1337,539,星位合图
1338,53A,太阳神之衡
1339,53B,世界树之干
1340,53C,河流神之瓶
1341,53D,建筑神之塔
1342,53E,疾跑
1343,53F,眩晕
1344,540,加重
1345,541,止步
1346,542,减速
1347,543,沉默
1348,544,睡眠
1349,545,眩晕无效
1350,546,加重无效
1351,547,止步无效
1352,548,减速无效
1353,549,沉默无效
1354,54A,睡眠无效
1355,54B,击退无效
1356,54C,河童
1357,54D,重力反转
1358,54E,固定高位
1359,54F,渐渐石化
1360,550,重力爆发
1361,551,魔导浮空
1362,552,
1363,553,睡眠
1364,554,疾风极意
1365,555,暴雷预备
1366,556,浮空
1367,557,冲击预备
1368,558,安魂祈祷
1369,559,安魂祈祷
1370,55A,战女神之怒
1371,55B,寒风斧
1372,55C,强力斩
1373,55D,不完全形态
1374,55E,右手目标
1375,55F,左手目标
1376,560,巨身之术
1377,561,生命吸收
1378,562,连续咏唱
1379,563,至高无上
1380,564,生者之伤
1381,565,死者之伤
1382,566,超越死亡
1383,567,最大体力减少
1384,568,加速度炸弹
1385,569,弱不禁风
1386,56A,污泥
1387,56B,技能效果范围变动
1388,56C,沾灰
1389,56D,魅惑
1390,56E,浮空
1391,56F,拘束
1392,570,月长石之光
1393,571,连续咏唱
1394,572,移动速度降低
1395,573,忠义之盾
1396,574,守护
1397,575,深恶痛绝
1398,576,原初之魂
1399,577,拘束
1400,578,恐怖
1401,579,攻防削弱
1402,57A,受伤加重
1403,57B,光速
1404,57C,神祝祷
1405,57D,封技
1406,57E,连环计
1407,57F,纷乱箭
1408,580,微型陨石
1409,581,终端速度
1410,582,反复无常
1411,583,60级经验加速
1412,584,受伤加重
1413,585,红莲极意
1414,586,战斗连祷
1415,587,护盾
1416,588,固定低位
1417,589,石化的诅咒
1418,58A,孤独感
1419,58B,神龙诅咒
1420,58C,搭乘
1421,58D,弱鸡
1422,58E,精神失常
1423,58F,变身
1424,590,持续行动
1425,591,不可直视
1426,592,惊慌失措
1427,593,湿衣
1428,594,削除予定
1429,595,呼吸困难
1430,596,神话决战
1431,597,塔结界
1432,598,塔结界
1433,599,变身
1434,59A,魔力过敏
1435,59B,突刺耐性大幅降低
1436,59C,不死鸟的加护
1437,59D,真力解放
1438,59E,超越者
1439,59F,自由作战
1440,5A0,攻势作战
1441,5A1,守势作战
1442,5A2,定式作战
1443,5A3,机关启动
1444,5A4,魔导结界
1445,5A5,伪神面具
1446,5A6,真神面具
1447,5A7,
1448,5A8,变身
1449,5A9,行吟诗人的小步舞曲
1450,5AA,行吟诗人的赞美歌
1451,5AB,王冠之领主
1452,5AC,王冠之贵妇
1453,5AD,巨龙右眼
1454,5AE,巨龙左眼
1455,5AF,火焰喷射器
1456,5B0,战抖
1457,5B1,摆脱
1458,5B2,火焰喷射器
1459,5B3,变身
1460,5B4,拘束
1461,5B5,
1462,5B6,无法发动技能
1463,5B7,
1464,5B8,
1465,5B9,气势
1466,5BA,刺
1467,5BB,黄色的颜料
1468,5BC,蓝色的颜料
1469,5BD,黑色的颜料
1470,5BE,红色的颜料
1471,5BF,死亡之吻
1472,5C0,无力
1473,5C1,水泥
1474,5C2,污泥
1475,5C3,以太病毒
1476,5C4,以太病毒抗体
1477,5C5,拘束
1478,5C6,连接
1479,5C7,自由落体
1480,5C8,无间地狱
1481,5C9,妖风
1482,5CA,魔法储存
1483,5CB,魔法储存：爆炎
1484,5CC,魔法储存：冰封
1485,5CD,魔法储存：暴雷
1486,5CE,虚伪的小丑
1487,5CF,真实的小丑
1488,5D0,体力恢复无效
1489,5D1,奥尔特罗斯模拟程序
1490,5D2,空军装甲模拟程序
1491,5D3,达达鲁玛模拟程序
1492,5D4,永世珍本模拟程序
1493,5D5,病毒模拟程序
1494,5D6,公演观众
1495,5D7,
1496,5D8,
1497,5D9,
1498,5DA,震荡
1499,5DB,战章过重
1500,5DC,战章过重
1501,5DD,战章过重
1502,5DE,战章过重
1503,5DF,战章减轻
1504,5E0,战章减轻
1505,5E1,战章减轻
1506,5E2,战章减轻
1507,5E3,
1508,5E4,
1509,5E5,
1510,5E6,睡眠
1511,5E7,
1512,5E8,击退无效
1513,5E9,眩晕
1514,5EA,スリル?オブ?ウォ`：抗
1515,5EB,滞空
1516,5EC,水泥
1517,5ED,火属性耐性向上
1518,5EE,
1519,5EF,
1520,5F0,
1521,5F1,
1522,5F2,
1523,5F3,
1524,5F4,失明
1525,5F5,
1526,5F6,
1527,5F7,
1528,5F8,
1529,5F9,
1530,5FA,
